{"resources":[{"@type":"Symfony\\Component\\Config\\Resource\\FileResource","resource":"/Users/nyx/Sites/but/mmi-tca-troyes/ressources/s5/lena-pi/projets/ci-cd-symfony/vendor/composer/installed.json"},{"@type":"Symfony\\Component\\Config\\Resource\\FileResource","resource":"/Users/nyx/Sites/but/mmi-tca-troyes/ressources/s5/lena-pi/projets/ci-cd-symfony/src/Kernel.php"},{"@type":"Symfony\\Component\\Config\\Resource\\ClassExistenceResource","resource":"Symfony\\Component\\Workflow\\DependencyInjection\\WorkflowGuardListenerPass","exists":[false,null]},{"@type":"Symfony\\Component\\Config\\Resource\\ClassExistenceResource","resource":"Symfony\\Component\\Scheduler\\DependencyInjection\\AddScheduleMessengerPass","exists":[false,null]},{"@type":"Symfony\\Component\\Config\\Resource\\FileResource","resource":"/Users/nyx/Sites/but/mmi-tca-troyes/ressources/s5/lena-pi/projets/ci-cd-symfony/config/bundles.php"},{"@type":"Symfony\\Component\\Config\\Resource\\FileResource","resource":"/Users/nyx/Sites/but/mmi-tca-troyes/ressources/s5/lena-pi/projets/ci-cd-symfony/config/packages/asset_mapper.yaml"},{"@type":"Symfony\\Component\\Config\\Resource\\FileResource","resource":"/Users/nyx/Sites/but/mmi-tca-troyes/ressources/s5/lena-pi/projets/ci-cd-symfony/config/packages/cache.yaml"},{"@type":"Symfony\\Component\\Config\\Resource\\FileResource","resource":"/Users/nyx/Sites/but/mmi-tca-troyes/ressources/s5/lena-pi/projets/ci-cd-symfony/config/packages/csrf.yaml"},{"@type":"Symfony\\Component\\Config\\Resource\\FileResource","resource":"/Users/nyx/Sites/but/mmi-tca-troyes/ressources/s5/lena-pi/projets/ci-cd-symfony/config/packages/debug.yaml"},{"@type":"Symfony\\Component\\Config\\Resource\\FileResource","resource":"/Users/nyx/Sites/but/mmi-tca-troyes/ressources/s5/lena-pi/projets/ci-cd-symfony/config/packages/doctrine.yaml"},{"@type":"Symfony\\Component\\Config\\Resource\\FileResource","resource":"/Users/nyx/Sites/but/mmi-tca-troyes/ressources/s5/lena-pi/projets/ci-cd-symfony/config/packages/doctrine_migrations.yaml"},{"@type":"Symfony\\Component\\Config\\Resource\\FileResource","resource":"/Users/nyx/Sites/but/mmi-tca-troyes/ressources/s5/lena-pi/projets/ci-cd-symfony/config/packages/framework.yaml"},{"@type":"Symfony\\Component\\Config\\Resource\\FileResource","resource":"/Users/nyx/Sites/but/mmi-tca-troyes/ressources/s5/lena-pi/projets/ci-cd-symfony/config/packages/mailer.yaml"},{"@type":"Symfony\\Component\\Config\\Resource\\FileResource","resource":"/Users/nyx/Sites/but/mmi-tca-troyes/ressources/s5/lena-pi/projets/ci-cd-symfony/config/packages/messenger.yaml"},{"@type":"Symfony\\Component\\Config\\Resource\\FileResource","resource":"/Users/nyx/Sites/but/mmi-tca-troyes/ressources/s5/lena-pi/projets/ci-cd-symfony/config/packages/monolog.yaml"},{"@type":"Symfony\\Component\\Config\\Resource\\FileResource","resource":"/Users/nyx/Sites/but/mmi-tca-troyes/ressources/s5/lena-pi/projets/ci-cd-symfony/config/packages/notifier.yaml"},{"@type":"Symfony\\Component\\Config\\Resource\\FileResource","resource":"/Users/nyx/Sites/but/mmi-tca-troyes/ressources/s5/lena-pi/projets/ci-cd-symfony/config/packages/routing.yaml"},{"@type":"Symfony\\Component\\Config\\Resource\\FileResource","resource":"/Users/nyx/Sites/but/mmi-tca-troyes/ressources/s5/lena-pi/projets/ci-cd-symfony/config/packages/security.yaml"},{"@type":"Symfony\\Component\\Config\\Resource\\FileResource","resource":"/Users/nyx/Sites/but/mmi-tca-troyes/ressources/s5/lena-pi/projets/ci-cd-symfony/config/packages/translation.yaml"},{"@type":"Symfony\\Component\\Config\\Resource\\FileResource","resource":"/Users/nyx/Sites/but/mmi-tca-troyes/ressources/s5/lena-pi/projets/ci-cd-symfony/config/packages/twig.yaml"},{"@type":"Symfony\\Component\\Config\\Resource\\FileResource","resource":"/Users/nyx/Sites/but/mmi-tca-troyes/ressources/s5/lena-pi/projets/ci-cd-symfony/config/packages/validator.yaml"},{"@type":"Symfony\\Component\\Config\\Resource\\FileResource","resource":"/Users/nyx/Sites/but/mmi-tca-troyes/ressources/s5/lena-pi/projets/ci-cd-symfony/config/packages/web_profiler.yaml"},{"@type":"Symfony\\Component\\Config\\Resource\\FileResource","resource":"/Users/nyx/Sites/but/mmi-tca-troyes/ressources/s5/lena-pi/projets/ci-cd-symfony/config/services.yaml"},{"@type":"Symfony\\Component\\Config\\Resource\\ReflectionClassResource","files":{"/Users/nyx/Sites/but/mmi-tca-troyes/ressources/s5/lena-pi/projets/ci-cd-symfony/src/Controller/BuggyController.php":null},"className":"App\\Controller\\BuggyController","hash":"af531875197da278ebf9a5d6d4f052dc"},{"@type":"Symfony\\Component\\Config\\Resource\\ReflectionClassResource","files":{"/Users/nyx/Sites/but/mmi-tca-troyes/ressources/s5/lena-pi/projets/ci-cd-symfony/src/Controller/WelcomeController.php":null},"className":"App\\Controller\\WelcomeController","hash":"5426875a07a5ba30ddaed7674d0c80a3"},{"@type":"Symfony\\Component\\Config\\Resource\\ReflectionClassResource","files":{"/Users/nyx/Sites/but/mmi-tca-troyes/ressources/s5/lena-pi/projets/ci-cd-symfony/src/Service/DiscountCalculator.php":null},"className":"App\\Service\\DiscountCalculator","hash":"951db57d1a8cf915130be25db3fa1285"},{"@type":"Symfony\\Component\\Config\\Resource\\GlobResource","prefix":"/Users/nyx/Sites/but/mmi-tca-troyes/ressources/s5/lena-pi/projets/ci-cd-symfony/src","pattern":"","recursive":true,"hash":"83e6ad33ae94a0ec6bf20f527effa1e1","forExclusion":false,"excludedPrefixes":{"/Users/nyx/Sites/but/mmi-tca-troyes/ressources/s5/lena-pi/projets/ci-cd-symfony/src/Entity":true,"/Users/nyx/Sites/but/mmi-tca-troyes/ressources/s5/lena-pi/projets/ci-cd-symfony/src/Kernel.php":true}},{"@type":"Symfony\\Component\\Config\\Resource\\FileResource","resource":"/Users/nyx/Sites/but/mmi-tca-troyes/ressources/s5/lena-pi/projets/ci-cd-symfony/composer.json"},{"@type":"Symfony\\Component\\Config\\Resource\\DirectoryResource","resource":"/Users/nyx/Sites/but/mmi-tca-troyes/ressources/s5/lena-pi/projets/ci-cd-symfony/translations","pattern":null},{"@type":"Symfony\\Component\\Config\\Resource\\FileExistenceResource","exists":false,"resource":"/Users/nyx/Sites/but/mmi-tca-troyes/ressources/s5/lena-pi/projets/ci-cd-symfony/config/serializer"},{"@type":"Symfony\\Component\\Config\\Resource\\FileExistenceResource","exists":false,"resource":"/Users/nyx/Sites/but/mmi-tca-troyes/ressources/s5/lena-pi/projets/ci-cd-symfony/config/validator"},{"@type":"Symfony\\Component\\Config\\Resource\\FileExistenceResource","exists":false,"resource":"/Users/nyx/Sites/but/mmi-tca-troyes/ressources/s5/lena-pi/projets/ci-cd-symfony/templates/bundles/FrameworkBundle"},{"@type":"Symfony\\Component\\Config\\Resource\\FileExistenceResource","exists":false,"resource":"/Users/nyx/Sites/but/mmi-tca-troyes/ressources/s5/lena-pi/projets/ci-cd-symfony/templates/bundles/DoctrineBundle"},{"@type":"Symfony\\Component\\Config\\Resource\\FileExistenceResource","exists":false,"resource":"/Users/nyx/Sites/but/mmi-tca-troyes/ressources/s5/lena-pi/projets/ci-cd-symfony/templates/bundles/DoctrineMigrationsBundle"},{"@type":"Symfony\\Component\\Config\\Resource\\FileExistenceResource","exists":false,"resource":"/Users/nyx/Sites/but/mmi-tca-troyes/ressources/s5/lena-pi/projets/ci-cd-symfony/templates/bundles/TwigBundle"},{"@type":"Symfony\\Component\\Config\\Resource\\FileExistenceResource","exists":false,"resource":"/Users/nyx/Sites/but/mmi-tca-troyes/ressources/s5/lena-pi/projets/ci-cd-symfony/templates/bundles/StimulusBundle"},{"@type":"Symfony\\Component\\Config\\Resource\\FileExistenceResource","exists":false,"resource":"/Users/nyx/Sites/but/mmi-tca-troyes/ressources/s5/lena-pi/projets/ci-cd-symfony/templates/bundles/TurboBundle"},{"@type":"Symfony\\Component\\Config\\Resource\\FileExistenceResource","exists":false,"resource":"/Users/nyx/Sites/but/mmi-tca-troyes/ressources/s5/lena-pi/projets/ci-cd-symfony/templates/bundles/TwigExtraBundle"},{"@type":"Symfony\\Component\\Config\\Resource\\FileExistenceResource","exists":false,"resource":"/Users/nyx/Sites/but/mmi-tca-troyes/ressources/s5/lena-pi/projets/ci-cd-symfony/templates/bundles/SecurityBundle"},{"@type":"Symfony\\Component\\Config\\Resource\\FileExistenceResource","exists":false,"resource":"/Users/nyx/Sites/but/mmi-tca-troyes/ressources/s5/lena-pi/projets/ci-cd-symfony/templates/bundles/MonologBundle"},{"@type":"Symfony\\Component\\Config\\Resource\\FileExistenceResource","exists":true,"resource":"/Users/nyx/Sites/but/mmi-tca-troyes/ressources/s5/lena-pi/projets/ci-cd-symfony/templates"},{"@type":"Symfony\\Component\\Config\\Resource\\ReflectionClassResource","files":{"/Users/nyx/Sites/but/mmi-tca-troyes/ressources/s5/lena-pi/projets/ci-cd-symfony/src/Kernel.php":null},"className":"App\\Kernel","hash":"c40ce0f9313f8039b6b48e7b744dc6bf"},{"@type":"Symfony\\Component\\Config\\Resource\\ClassExistenceResource","resource":"Jose\\Component\\Signature\\Algorithm\\ES256","exists":[false,null]},{"@type":"Symfony\\Component\\Config\\Resource\\ClassExistenceResource","resource":"Jose\\Component\\Signature\\Algorithm\\ES384","exists":[false,null]},{"@type":"Symfony\\Component\\Config\\Resource\\ClassExistenceResource","resource":"Jose\\Component\\Signature\\Algorithm\\ES512","exists":[false,null]},{"@type":"Symfony\\Component\\Config\\Resource\\ClassExistenceResource","resource":"Jose\\Component\\Signature\\Algorithm\\RS256","exists":[false,null]},{"@type":"Symfony\\Component\\Config\\Resource\\ClassExistenceResource","resource":"Jose\\Component\\Signature\\Algorithm\\RS384","exists":[false,null]},{"@type":"Symfony\\Component\\Config\\Resource\\ClassExistenceResource","resource":"Jose\\Component\\Signature\\Algorithm\\RS512","exists":[false,null]},{"@type":"Symfony\\Component\\Config\\Resource\\ClassExistenceResource","resource":"Jose\\Component\\Signature\\Algorithm\\PS256","exists":[false,null]},{"@type":"Symfony\\Component\\Config\\Resource\\ClassExistenceResource","resource":"Jose\\Component\\Signature\\Algorithm\\PS384","exists":[false,null]},{"@type":"Symfony\\Component\\Config\\Resource\\ClassExistenceResource","resource":"Jose\\Component\\Signature\\Algorithm\\PS512","exists":[false,null]}]}