{"resources":[{"@type":"Symfony\\Component\\Config\\Resource\\FileResource","resource":"/Users/nyx/Sites/but/mmi-tca-troyes/ressources/s5/lena-pi/projets/ci-cd-symfony/vendor/symfony/ux-turbo/assets/dist/turbo_stream_controller.js"},{"@type":"Symfony\\Component\\Config\\Resource\\FileExistenceResource","exists":true,"resource":"/Users/nyx/Sites/but/mmi-tca-troyes/ressources/s5/lena-pi/projets/ci-cd-symfony/assets/vendor/@hotwired/stimulus/stimulus.index.js"},{"@type":"Symfony\\Component\\Config\\Resource\\FileExistenceResource","exists":true,"resource":"/Users/nyx/Sites/but/mmi-tca-troyes/ressources/s5/lena-pi/projets/ci-cd-symfony/assets/vendor/@hotwired/turbo/turbo.index.js"}]}