{"resources":[{"@type":"Symfony\\Component\\Config\\Resource\\FileResource","resource":"/Users/nyx/Sites/but/mmi-tca-troyes/ressources/s5/lena-pi/projets/ci-cd-symfony/vendor/symfony/stimulus-bundle/assets/dist/loader.js"},{"@type":"Symfony\\Component\\Config\\Resource\\FileExistenceResource","exists":true,"resource":"/Users/nyx/Sites/but/mmi-tca-troyes/ressources/s5/lena-pi/projets/ci-cd-symfony/assets/vendor/@hotwired/stimulus/stimulus.index.js"},{"@type":"Symfony\\Component\\Config\\Resource\\FileExistenceResource","exists":true,"resource":"/Users/nyx/Sites/but/mmi-tca-troyes/ressources/s5/lena-pi/projets/ci-cd-symfony/vendor/symfony/stimulus-bundle/assets/dist/controllers.js"}]}