{"resources":[{"@type":"Symfony\\Component\\Config\\Resource\\FileResource","resource":"/Users/nyx/Sites/but/mmi-tca-troyes/ressources/s5/lena-pi/projets/ci-cd-symfony/assets/app.js"},{"@type":"Symfony\\Component\\Config\\Resource\\FileExistenceResource","exists":true,"resource":"/Users/nyx/Sites/but/mmi-tca-troyes/ressources/s5/lena-pi/projets/ci-cd-symfony/assets/bootstrap.js"},{"@type":"Symfony\\Component\\Config\\Resource\\FileExistenceResource","exists":true,"resource":"/Users/nyx/Sites/but/mmi-tca-troyes/ressources/s5/lena-pi/projets/ci-cd-symfony/assets/styles/app.css"}]}