{"resources":[{"@type":"Symfony\\Component\\Config\\Resource\\FileResource","resource":"/Users/nyx/Sites/but/mmi-tca-troyes/ressources/s5/lena-pi/projets/ci-cd-symfony/assets/controllers.json"},{"@type":"Symfony\\Component\\Config\\Resource\\DirectoryResource","resource":"/Users/nyx/Sites/but/mmi-tca-troyes/ressources/s5/lena-pi/projets/ci-cd-symfony/assets/controllers","pattern":null},{"@type":"Symfony\\Component\\Config\\Resource\\FileResource","resource":"/Users/nyx/Sites/but/mmi-tca-troyes/ressources/s5/lena-pi/projets/ci-cd-symfony/vendor/symfony/stimulus-bundle/assets/dist/controllers.js"},{"@type":"Symfony\\Component\\Config\\Resource\\FileResource","resource":"/Users/nyx/Sites/but/mmi-tca-troyes/ressources/s5/lena-pi/projets/ci-cd-symfony/vendor/symfony/ux-turbo/assets/dist/turbo_controller.js"},{"@type":"Symfony\\Component\\Config\\Resource\\FileExistenceResource","exists":true,"resource":"/Users/nyx/Sites/but/mmi-tca-troyes/ressources/s5/lena-pi/projets/ci-cd-symfony/assets/vendor/@hotwired/stimulus/stimulus.index.js"},{"@type":"Symfony\\Component\\Config\\Resource\\FileExistenceResource","exists":true,"resource":"/Users/nyx/Sites/but/mmi-tca-troyes/ressources/s5/lena-pi/projets/ci-cd-symfony/assets/vendor/@hotwired/turbo/turbo.index.js"},{"@type":"Symfony\\Component\\Config\\Resource\\FileResource","resource":"/Users/nyx/Sites/but/mmi-tca-troyes/ressources/s5/lena-pi/projets/ci-cd-symfony/assets/controllers/hello_controller.js"},{"@type":"Symfony\\Component\\Config\\Resource\\FileExistenceResource","exists":true,"resource":"/Users/nyx/Sites/but/mmi-tca-troyes/ressources/s5/lena-pi/projets/ci-cd-symfony/assets/vendor/@hotwired/stimulus/stimulus.index.js"},{"@type":"Symfony\\Component\\Config\\Resource\\FileResource","resource":"/Users/nyx/Sites/but/mmi-tca-troyes/ressources/s5/lena-pi/projets/ci-cd-symfony/assets/controllers/csrf_protection_controller.js"},{"@type":"Symfony\\Component\\Config\\Resource\\FileExistenceResource","exists":true,"resource":"/Users/nyx/Sites/but/mmi-tca-troyes/ressources/s5/lena-pi/projets/ci-cd-symfony/vendor/symfony/ux-turbo/assets/dist/turbo_controller.js"},{"@type":"Symfony\\Component\\Config\\Resource\\FileExistenceResource","exists":true,"resource":"/Users/nyx/Sites/but/mmi-tca-troyes/ressources/s5/lena-pi/projets/ci-cd-symfony/assets/controllers/hello_controller.js"},{"@type":"Symfony\\Component\\Config\\Resource\\FileExistenceResource","exists":true,"resource":"/Users/nyx/Sites/but/mmi-tca-troyes/ressources/s5/lena-pi/projets/ci-cd-symfony/assets/controllers/csrf_protection_controller.js"}]}